X,Y,AGENCY_NAM,AGENCY_N_1,ADDRESS,PROGRAM
-77.10253099,39.191434,Oak Grove AME Zion Church,,20400 Zion Road,Shopping
-77.20027449,39.186097,Montgomery Village Middle School,,19300 Watkins Mill Rd.,Direct Distributions
-77.215959,39.183741,Watkins Mill High School,,10301 Apple Ridge Rd.,Direct Distributions
-77.2077497,39.1742059,Women Who Care Ministries,,19642 Club House Road Ste. 620,Shopping
-77.1725834,39.1680823,Calvary Pentecostal Ministries,,18919 Earhart Ct.,Shopping
-77.26787699,39.158164,Langley Park Spanish SDA Church,,18462 Estone Hollow Dr.,Shopping
-77.21086669,39.1562023,Montgomery County Muslim Foundation,,811 Russell Ave # G,Shopping
-77.1968111,39.1557991,Southlake Elememtary,,18201 Contour Rd.,Direct Distributions
-77.1923421,39.1409811,Wells Robertson House,,1 Wells Ave,Shopping
-77.21007979,39.1403915,The Willows,,429 West Diamond Ave,Direct Distributions
-77.19970289,39.1400305,There's Hope Christian Church,,23 W Diamond Street,Shopping & Direct Distribution
-77.19440689,39.1386106,Gaithersburg Community Soup Kitchen,,201 S. Frederick Ave,Shopping
-77.2072073,39.1363269,Londonderry Towers,,17060 King James Way,Direct Distributions
-77.2057048,39.1347874,"Gaithersburg Help, Inc.",,301 Muddy Branch Rd.,Shopping
-77.1568926,39.1192186,Shady Grove Apartments,,16125 Crabbs Branch Way,Direct Distributions
-77.19194629,39.1185256,MANNA Food Center Inc.,,9311 Gaither Road,Shopping & Direct Distribution
-76.93497429,39.1096578,Burtonsville ES,,15516 Old Columbia Pike,Direct Distributions
-76.849922,39.1073097,Selborne House,,501 Main Street,Direct Distributions
-77.00370479,39.1053987,Muslim Community Center,,15200 New Hampshire Ave.,Shopping
-76.8476725,39.1018628,L A R S,,311 Laurel Ave,Shopping
-76.85061779,39.098471,"FISH of Laurel, Inc.",,308 Gorman Ave,Shopping
-77.1073399,39.097419,Alfred House Eldercare Inc,,5313 Norbeck Rd,Shopping
-77.108715,39.095728,Bauer Park Apartments,,14635 Bauer Dr,Direct Distributions
-77.13575779,39.0935225,Nourish Now,,1111 Taft St.,Shopping
-77.15486789,39.08907,Heritage House,,95 Dawson Ave,Direct Distributions
-76.8530264,39.0886352,Gospel Assembly Church,,8740 Cherry Lane #12,Shopping
-77.04935099,39.088512,Argyle Middle School,,2400 Bel Pre Rd.,Direct Distributions
-77.18894889,39.086355,Food For All/ AMURT,,2502 Lindley Terrace,Direct Distributions
-77.09181639,39.0839857,Parkland Middle School,,4610 West Frankfort Dr.,Direct Distributions
-76.94199279,39.0803319,Greencastle Elementary School,,13611 Robey Rd.,Direct Distributions
-77.04767599,39.0803239,Faith Community  Baptist Church,,13618 Layhill Rd,Direct Distributions
-76.84456059,39.078931,Park View at Laurel 1,,9000 Briarcroft Lane,Direct Distributions
-76.95979799,39.078275,Nations United Baptist Church,,2408 Fairland Rd.,Shopping
-76.9581955,39.0774254,Allen Chapel AME Church Outreach MD,,2518 Fairland Road,Shopping
-76.84654749,39.0711169,Deerfield Run Community Center,,13000 Laurel-Bowie Rd,Direct Distributions
-77.05929659,39.067385,Glenmont United Methodist Church,,12901 Georgia Ave,Shopping
-77.0387386,39.0660084,Kennedy Cluster,,1901 Randolph Rd.,Direct Distributions
-77.0704751,39.0651251,Loiderman Middle School,,12701 Goodhill Rd.,Direct Distributions
-76.9461431,39.0639787,Galway Elementary School,,12612 Galway Dr.,Direct Distributions
-77.09613919,39.0631154,Rockcreek Terrace Apartments,,12630 Veirs Mill Road,Direct Distributions
-76.99947139,39.0622218,Washington Spanish Church,,12604 New Hampshire Avenue,Shopping
-77.0493578,39.0561576,McCarrick Family Center,Catholic Charities ADOW Montgomery County Family Center,12247 Georgia Ave,Shopping & Direct Distribution
-77.11052589,39.0551911,Montgomery Avenue Women's Center,,12250-C Wilkins Ave,Shopping
-76.9686762,39.0546153,Rainbow Community Development Center,,2120 - A Industrial Pkwy,Shopping
-76.92137889,39.0534844,Beltsville Adventist Community Center,,4200 Ammendale Rd.,Shopping
-76.887919,39.0464884,Vansville Community Center,,6813 Ammendale Rd,Direct Distributions
-77.0312775,39.0453188,Silver Spring Christian Reformed Church,,1501 Arcola Ave,Shopping
-76.918418,39.043301,Emmanuel UMC,,11416 Cedar Lane,Shopping
-76.924436,39.0419849,Elan Foundation,,11310 Montgomery Rd,Shopping
-76.9323112,39.0381949,Beltsville Community Center,,3900 Sellman Rd,Direct Distributions
-77.06269829,39.0376554,Mid County United Ministries (MUM),,11015 West Avenue,Shopping
-77.04349999,39.036641,New Creation Church,,11005 Dayton Street,Shopping & Direct Distribution
-76.94913999,39.036544,Horeb SDA,,3310 Powdermill Rd,Shopping
-76.913691,39.035451,Whosoever Will Christian Church,,4514 Sellman Road,Shopping
-77.03556799,39.0352584,Inwood House,,10921 Inwood Avenue,Direct Distributions
-76.94443499,39.034011,Healing Temple Church of the Nazerene,,11002 Cherry Hill Rd,Shopping
-77.0795625,39.0317911,First Baptist Church Ken-Gar,,3922 Hampden St.,Shopping
-77.02181149,39.03159,Luther Rice Neighborhood Center,,801 University Blvd W,Shopping
-76.91242009,39.031387,"Rock of Salvation Ministries, Inc",,10764 Baltimore Avenue,Shopping
-77.04793359,39.0304159,Hughes Neighborhood Housing Inc.,,10720 Georgia Avenue,Direct Distributions
-76.99243619,39.0276971,Key Middle School,,910 Schlinder Dr.,Direct Distributions
-77.15032449,39.0249119,Lakeview Apartment Homes,,10250 West Lake Dr.,Direct Distributions
-77.05730499,39.019862,Victory Forest,,,Direct Distributions
-77.01248829,39.0196995,Silver Spring UMC,,33 University Blvd East,Direct Distributions
-76.9914544,39.0189375,Apple Blossoms,,1013 Cresthaven Drive,Shopping
-77.0284911,39.0183926,YMCA Youth and Family Services,,1102 Forest Glen Road,Shopping
-77.37959809,39.0175078,LINK Mobile Food Pantry - Christ the Redeemer,,"46833 Harry Byrd Highway,",Direct Distributions
-76.9211342,39.0169578,College Park Youth Service Center,,4912 Nantucket Rd,Direct Distributions
-76.777643,39.013233,"ET Health Care Foundation, Inc",,13111 3rd St,Shopping
-76.92229459,39.0126324,College Park Church of the Nazarene,,9704 Rhode Island Ave,Shopping
-76.69846819,39.01,The Lord's Chosen Food Pantry,,1302 Cronson Blvd,Shopping
-76.9815923,39.009556,Saint Camillus Catholic Church,,1600 Saint Camillus Drive,Shopping
-76.9825588,39.0092109,Victory Oaks,,721 Beacon Rd,Direct Distributions
-76.9973213,39.0088041,Mount Jezreel Baptist Church,,420 University Blvd. East,Shopping
-77.39237969,39.0079618,Sterling United Methodist Church,,304 East Church Road,Shopping
-77.0450122,39.008365,The Yehuda Mond Foundation of Ahavas Torah,,2010 Linden Ln.,Shopping
-76.90302579,39.0062558,City of Greenbelt,,6060 Springhill,Direct Distributions
-76.87552819,39.0045544,Restoration Center,,111 Centerway Dr.,Shopping
-76.791361,39.003186,Light of the World Ministries,,12400 Lanham Severn Road,Shopping
-76.96382289,39.0032446,Tabernaculo de la Fe,,2600 Metzerott Rd,Shopping & Direct Distribution
-77.0344816,39.0010932,Arleeta's Food Pantry,,8900 Georgia Ave,Shopping
-76.87743899,39.0004894,City of Greenbelt Food Pantry,,25 Crescent Rd,Shopping & Direct Distribution
-76.99403809,39.0001911,Clifton Park Baptist Church,,8818 Piney Branch Road,Shopping & Direct Distribution
-76.98318709,38.9992143,St. Michaels and All Angels,,8501 New Hampshire Ave,Shopping
-76.92794269,38.9980217,Pregnancy Aid Center,,4809 Greenbelt Road,Shopping
-77.0052894,38.9975204,Tanglewood Resource Center,,8401 Manchester Rd,Direct Distributions
-76.97965999,38.9959009,Langley Park Elementary School,,8501 15th Ave,Direct Distributions
-76.9214544,38.9934538,God's People Church,,5411 Berwyn Road Ste. 104,Shopping
-77.02799019,38.9934647,Shepherd's Table,Interfaith Works,8210 Dixon Avenue,Shopping
-76.723586,38.9931399,Clara's Place,,13508 Youngwood Turn,Shopping
-76.98144119,38.9930002,Langley Park Food Distribution,,1500 Merrimac Drive,Direct Distributions
-77.40830099,38.991726,Iglesia Galilea de las Asambleas de Dios,,800 E. Staunton Avenue,Shopping
-77.01181839,38.9917568,Adventist Community Services,,501 Sligo Avenue,Shopping
-76.93184049,38.991501,Spellman House Apartmant,,4711 Berwyn House Road,Direct Distributions
-76.8249175,38.9889836,Capital Christian Fellowship,,10411 Greenbelt Road,Shopping
-76.99382099,38.98762,Rockville Spanish SDA Church,,7906 Glenside Drive,Shopping
-76.92734049,38.9872392,College Park Community Center,,5051 Pierce Ave,Direct Distributions
-77.0303424,38.9869972,St. Mary's Baptist Church,,8008 Eastern Ave NW,Direct Distributions
-77.09629239,38.9867322,Bethesda Cares,,7728 Woodmont Ave,Shopping
-76.82276799,38.985696,Global Health and Environment Foundation,,10802 Lanham Severn Road,Shopping
-76.98872589,38.9844567,New Hampshire Spanish SDA,,7410 New Hampshire Avenue,Shopping
-76.87128,38.9810004,The Samaritan Way,,7800 Good Luck Road,Shopping
-76.75745949,38.9803369,Zion Praise Tabernacle Lutheran Church,,6600 Laurel Bowie Road,Shopping
-76.859286,38.9769,Goodluck Community Center,,8601 Good Luck Rd,Direct Distributions
-76.99181979,38.9768955,Educare Support Services,,7001 New Hampshire Ave,Shopping
-77.01021759,38.974679,Victory Tower,,7051 Carroll Ave,Direct Distributions
-77.38555589,38.972124,Faith Social  Services,,795 2A Center St,Shopping
-77.34286349,38.9696423,Lake Ann Fellowship House,,11450 North Shore Drive,Direct Distributions
-76.85072399,38.969804,Olive Foundation,,9321 Lanham Severn Road,Shopping
-77.34034099,38.968765,Helping Hungry Kids of NOVA,,1656 Chimney House Rd.,Shopping
-76.98350059,38.96921,Triumphant Baptist Church Food Ministry,,6509 Riggs Rd,Shopping
-77.34256509,38.968527,"Cornerstones, Inc.",,11484 Washington Plaza West  #120,Shopping & Direct Distribution
-76.8819326,38.9682034,Charles Carroll Middle School,,6130 Lamont Drive,Direct Distributions
-76.970634,38.96805,Agape Assisted Living,,6427 24th Place,Shopping
-76.97443969,38.9672687,Ager Road UMC,,6301 Ager Road,Shopping
-77.35310319,38.9666534,St. Anne's Episcopal Church ( Food Pantry),,1700 Wainwright Drive,Shopping
-76.9345892,38.9667402,William Wirt Middle School,,62nd Pl Tuckerman Street,Direct Distributions
-76.9867158,38.9667333,Metropolitan SDA Church,,6303-G Riggs Rd,Shopping
-76.9890656,38.9660689,Ridgecrest Elementary School,,6120 Riggs Rd.,Direct Distributions
-77.011177,38.965964,"Brookland Senior Day Care Center, Inc.",,"6210 Chillum Pl., NW",Shopping
-77.00859029,38.9658162,Imagine Community Charter School - Lamond Campus,,6200 Kansas Ave NE,Direct Distributions
-76.8410479,38.9655818,This Generation Ministries,,9470 Annapolis Rd #407,Shopping
-76.99337099,38.965622,Tender Love & Care,,822 Cox Ave,Shopping
-77.029283,38.965109,"Emory Beacon of Light, Inc.",,"6203 Piney Branch Rd., NW",Shopping & Direct Distribution
-77.027197,38.964737,Brotherhood of the Cross and Star,,916 Rittenhouse St NW,Direct Distributions
-76.8654405,38.9645859,Ebenezer We Care We Share Community,,6016 Princess Garden Parkway,Shopping
-76.85306999,38.964554,CAC Wosem Lanham,,9222 Annapolis Road,Shopping
-76.9849578,38.9645563,Rolling Crest-Chillum Community Center,,6120 Sargent Rd,Direct Distributions
-76.9870797,38.9641639,Victory Crest,,6100 Sargent Rd.,Direct Distributions
-76.926656,38.96386,"GapBusters, Inc.",,6200 Sheridan St,Direct Distributions
-76.70991979,38.9633094,Zion Church Inc.,,17001 Science Dr #119,Shopping
-76.9853699,38.9629361,Rollingcrest Commons,,6060 Sargent Rd.,Direct Distributions
-76.88590609,38.9620439,Community Bible Baptist Church,,7309 Riverdale Road,Shopping
-77.0315169,38.96144,VIDA Brightwood Community Site,,1330 Missouri AVE NW,Direct Distributions
-76.92836509,38.9613151,Riverdale Elementary School,,5006 Riverdale Road,Direct Distributions
-76.91175139,38.9603571,SEED Food Distribution Center,Prince George's Department of Social Services,6201 Riverdale Road #108,Shopping & Direct Distribution
-76.93488099,38.959907,"First Pentecostal Church of God of Silver Spring, Inc",,4709 Oglethorpe St.,Shopping
-76.99977589,38.9597849,Lasalle-Backus Education Campus,,501 Riggs rd. NE,Direct Distributions
-76.90634999,38.959366,Summer Bridges Tutoring Program,,5819 East Pine Dr.,Direct Distributions
-76.9226443,38.9590202,River of Life Redeemed Christian Church of God,,5617 54th Ave,Shopping
-77.3410169,38.958263,Island Walk,,1701 Torrey Pines Court,Direct Distributions
-76.992886,38.958627,Shiloh Church Of God 7 Day,,5701 Eastern Ave,Shopping
-76.945719,38.958115,Friendship Arms Apartments,,5805 42nd Ave #203,Direct Distributions
-77.003912,38.957934,Emanuel Spanish SDA Church,,5650 2nd St NE,Shopping
-77.07099799,38.957848,Regency Residential Site,,5201 Connecticut AVE NW,Direct Distributions
-77.03168199,38.957528,Fellowship Baptist Church,,5605 Colorado Avenue NW,Shopping
-76.985277,38.9570306,Good Samaritan,,1417 Chillum Rd,Direct Distributions
-77.0035313,38.9564076,The C.H.I.L.D. Center,,202 Riggs Rd NE,Direct Distributions
-76.94553009,38.9559442,Mount Zion Believers Church,,3321 Toledo Terrace # 1 & 2,Shopping
-77.03569799,38.9558097,Sixth Church Food Closet,,5413 16th St  NW,Shopping
-77.0028214,38.9557987,Food & Friends,,219 Riggs Road NE,Shopping
-77.00871619,38.9552751,Plymouth Food Pantry,,5301 North  Capitol St  NE,Shopping
-76.9408478,38.9551446,Crossover Church,,5340 Baltimore Avenue,Shopping & Direct Distribution
-77.033792,38.954962,LDS Outreach Ministries,,5331 Colorado Ave NW,Shopping
-77.008629,38.954242,North Capital at Plymouth,North Capitol Residential Site,5233 N Capital St. NE,Direct Distributions
-77.06884209,38.9533019,St. Paul's Lutheran Church,,"4900 Connecticut Ave., NW",Shopping
-77.0171862,38.95291,Gethsemane Baptist Church Community Site,,5119 4th ST NW,Direct Distributions
-76.9809092,38.951509,Avondale Apartments,,4915 Eastern Ave NE,Direct Distributions
-77.025777,38.951097,Colony House Residential Site,,903 Farragut ST NW,Direct Distributions
-76.96729119,38.9497515,Queenstown Community Center,,3103 Queens Chapel Road,Direct Distributions
-76.9139958,38.949352,I Hope Project for Humanity,,5033 57th Ave,Shopping & Direct Distribution
-77.08261809,38.9492409,Friendship Terrace Residential Site,,4201 Butterworth PL NW,Direct Distributions
-77.4142558,38.9484672,Beacon Hill Missionary Baptist Church,,2472 Centreville Rd.,Shopping & Direct Distribution
-76.8554478,38.9490523,Mt. Calvary Baptist Church,,5120 Whitfield Chapel Road,Direct Distributions
-76.88559579,38.9488854,Ebenezer Church of God,,7550 Buchanan St.,Direct Distributions
-77.03583389,38.9485672,Office of Latino Affairs,,4801 16th St NW,Direct Distributions
-76.99294129,38.9485452,Faith United Church of Christ Church,,4900  10th Street NE,Direct Distributions
-77.03303589,38.9480867,Andromeda Transcultural Health Community Site,,1400 Decatur ST NW,Direct Distributions
-76.8854088,38.9479058,Lamb of God Lutheran Church,,7415 Buchanan St,Shopping
-76.80225839,38.9476656,Divine Grace Mission,,4208 Glenndale Rd,Shopping
-76.91133169,38.94733769,SEED Inc,,5999 Emerson St.,Direct Distributions
-77.03709049,38.9468593,Nineteenth Street Baptist Church,,4606 16th St NW,Shopping
-76.91152409,38.9462458,Port Towns Elementary School,,4351 58th Ave.,Direct Distributions
-76.8897144,38.9460472,Landover Hills Baptist Church,,4420 73rd Avenue,Shopping
-76.9168377,38.9456693,Seniors Against Stalking & Domestic Violence,Bladensburg Community Center,4500 57th Avenue,Direct Distributions
-77.0316395,38.9441194,Upshur Recreation Center,,4300 Arkansas Ave NW,Direct Distributions
-76.9521804,38.9440776,Town of North Brentwood,,4012 Webster Street,Shopping
-77.0230226,38.9439112,Around The Corner To The World,,"732 Webster St., NW",Shopping
-76.91420449,38.9438651,Park View at Bladensburg,,4202 58th Avenue,Direct Distributions
-77.41676379,38.9428614,Floris United Methodist Church,,13600 Frying Pan Road,Shopping
-76.98024299,38.943425,Northeastern Presbyterian Church,,2112 Varnum Street NE,Shopping
-76.95809399,38.9423324,Iglesia De Dios Pentecostal Nuevo Renacer,,4205 37th St.,Shopping
-77.03112699,38.9422721,Johnson Towers,,1325 Upshur Street NW,Direct Distributions
-77.36581999,38.941586,Community Marketplace -- NOVA,Southgate Community Center,12125 Pinecrest Road,Direct Distributions
-76.98799399,38.9420209,Mary House,,4303 13th St  NE,Shopping & Direct Distribution
-76.94087809,38.9416644,Mount of God Tabernacle Church,,4315 Baltimore Avenue,Shopping
-76.7253763,38.940886,Pin Oak Village Senior,,16010 Excalibur Road,Direct Distributions
-76.96134569,38.940365,St. John's Community Outreach Prog,,4112 34th Street,Shopping
-76.92571959,38.939455,Central Baptist Church,,5412 Annapolis Road,Shopping
-76.926589,38.9393109,Tower of Praise Church International,,4103 54th Street,Shopping
-77.02542369,38.939193,Mary's Center Community Site,,3912 Georgia AVE NW,Direct Distributions
-76.9927865,38.9380967,Turkey Thicket Rec Center,,"1100 Michigan Avenue, NE",Direct Distributions
-76.936424,38.9380386,Grace of God Ministry,,3950 48th Street,Shopping
-77.3610763,38.9370875,Hunters Woods Fellowship House,,2231 Colts Neck Road,Direct Distributions
-76.936554,38.937536,"Casa de Dios, Cristo el Rey",,3900 48th St,Shopping
-76.92511499,38.937122,Newton Green Senior Living,,5300 Newton St,Direct Distributions
-77.03220729,38.93711,A B B A House Church of Prophecy,,"1371 Spring Road, NW",Shopping & Direct Distribution
-77.17476859,38.936906,SHARE INC.,,1367 Chain Bridge RD,Shopping
-77.02717599,38.9368503,Raymond Recreation Center Community Site,,3725 10th ST NW,Direct Distributions
-76.96077999,38.9367946,Metropolitan Church of God,,3822 34th Street,Shopping & Direct Distribution
-77.02914009,38.9363873,Coalition for the Homeless,,1131 Spring Rd NW,Shopping
-76.85798749,38.9349567,Community Marketplace at SHABACH!,,3600 Bright Seat Road,Direct Distributions
-77.02137109,38.9349512,Park View Recreation Center,,693 Otis Pl NW,Direct Distributions
-76.96267899,38.9348788,Alafia Baptist Church,,3623 Eastern Ave,Direct Distributions
-76.86562489,38.9347045,Glenarden Woods Community Center,,7941 Johnson Ave.,Direct Distributions
-76.960101,38.934692,Calvary Assembly of Holy Cross LC,,3704 35th Street,Shopping
-77.03314149,38.9346433,Hubbard Place Resident Services,,3500 14th Street NW,Direct Distributions
-76.9663985,38.9343543,Hedin House Residential Site,,2900 Newton St NE,Direct Distributions
-77.036147,38.9340666,Urban Village,,3403 16th St. NW,Direct Distributions
-77.0208192,38.9339718,Bruce Monroe School Food Pantry,,3560 Warder Street NW,Direct Distributions
-76.8619559,38.9338666,Glenreed Community Center,,3201 Reed St,Direct Distributions
-76.97983099,38.9338518,Word of God Christian Center,,3518 18th Street NE,Shopping
-77.02366959,38.9336769,Bernice Fonteneau Senior Wellness Center Community Site,,3531 Georgia AVE NW,Direct Distributions
-77.0357424,38.9334923,THRIVE DC,We Are Family,"1525 Newton Street, NW, Suite G1",Shopping & Direct Distribution
-77.036963,38.9330659,Canaan Baptist Church,,1607 Monroe Street NW,Shopping & Direct Distribution
-76.872831,38.932788,Judge Sylvania Elementary School,,3000 Church Street,Direct Distributions
-76.99047399,38.932853,Anchor Mental Association,,1212 Monroe Street NE,Shopping
-77.0373685,38.9327257,Spanish Catholic Center,,1618 Monroe Street NW,Shopping
-76.9913816,38.9322926,St. Anthony of Padua Catholic Church - DC,,1029 Monroe Street NE,Shopping
-77.02941619,38.932242,Mt. Rona Baptist Church,,"3431 13th Street, NW",Shopping
-76.97148099,38.93194,MSB Community Outreach House,,2411 Lawrence Street NE,Shopping & Direct Distribution
-77.02612169,38.931611,The Salvation Army - Sherman Ave,,"3335 Sherman Ave, NW",Shopping
-77.03302979,38.9308227,Samuel Kelsey Residential Site,,3322 14th ST NW,Direct Distributions
-76.9074029,38.9307896,Gladys Noon Spellman Elementary School,,3324 64th Ave,Direct Distributions
-76.97394899,38.930456,Damien Ministries Food Pantry,,2200 Rhode Island Ave NE,Shopping & Direct Distribution
-76.86640679,38.9303653,Glenarden Community Center,,8615 McLain Ave,Direct Distributions
-76.95988609,38.9297991,Central Union Mission,,3182 Bladensburg Rd NE,Shopping
-76.9863281,38.9295686,Mary McLeod Bethune Day Academy,,1404 Jackson St. NE,Direct Distributions
-77.03538719,38.9285104,Barbara Chambers Children's Center,,"1470 Irving St, NW",Shopping & Direct Distribution
-76.95985599,38.928445,3001 Fort Lincoln Village I Residential Site,,3001 Bladensburg RD NE,Direct Distributions
-77.0430804,38.9282748,Harvard Towers Residential Site,,1845 Harvard ST NW,Direct Distributions
-77.0330069,38.9281607,Upper Cardoza - Unity Health Care,,3020 14th St. NW,Direct Distributions
-76.959102,38.92815,3005 Fort Lincoln Village II Residential Site,,3005 Bladensburg Rd NE,Direct Distributions
-76.9773808,38.9281383,International House of Prayer,,1915 Rhode Island Ave NE,Shopping
-76.731477,38.927719,Joy of Worship,,15711 Alameda Dr,Shopping
-76.9608036,38.9278611,Fort Lincoln Resident Council,,2855 Bladensburg Rd NE,Direct Distributions
-77.033298,38.9277635,Latin American Youth Center,,1419 Columbia Rd NW,Shopping
-77.03456,38.9276709,The Table Church,,"1459 Columbia Rd., NW",Shopping
-77.03602569,38.9271214,National Baptist Memorial Church,,1501 Columbia Road NW,Shopping & Direct Distribution
-77.03288309,38.926798,Change Incorporated/Columbia Heights Tenants Assoc.,Columbia Heights Village Residential Site,2900 14th Street NW,Direct Distributions
-77.03170399,38.9262439,NCBA Estates Residential Site,,2801 14th ST NW,Direct Distributions
-76.97138399,38.92621,Green Valley Residential Site,,2412 Franklin St NE,Direct Distributions
-77.0525018,38.9260572,Woodley House Inc,,"2711 Connecticut Ave, NW",Shopping
-76.88037699,38.925789,Calvary - Dodge Park Food Distribution,,2605 Fire House Rd,Direct Distributions
-77.41499689,38.924693,Open Door Presbyterian Church,,3001 Centreville Road,Shopping & Direct Distribution
-77.0350506,38.9251651,Columbia Heights Recreation Center,,1480 Girard St NW,Direct Distributions
-77.04114899,38.92495,Joseph's House,,"1730 Lanier Place, NW",Shopping
-77.03284789,38.9247917,Fairmont Apartments Residential Site,,1401 Fairmont ST NW,Direct Distributions
-77.03805299,38.924524,Jubilee Activity Zone,,1630 Fuller ST NW,Direct Distributions
-77.0383082,38.924518,Jubilee Early Start,,1650 Fuller ST NW,Direct Distributions
-76.9971713,38.9237975,CPDC - Edgewood Commons,,"601 Edgewood St., NE",Shopping & Direct Distribution
-76.989165,38.923748,Office of Latino Affairs,,1222 Rhode Island Avenue,Direct Distributions
-76.8941613,38.9236166,4-H Club Park and Planning,Kentland Community Center,2411 Pinebrook Ave,Direct Distributions
-76.985326,38.92356,Brookland Manor Community Site,,2525 14th ST NE,Direct Distributions
-76.9778165,38.9234861,Washington Cntr For Aging Serv,,2601 18th Street NE,Shopping
-77.03804299,38.923459,Jubilee Teen Renaissance,,1631 Euclid ST NW,Direct Distributions
-76.996708,38.923231,Edgewood Terrace,,635 Edgewood St NE #613,Direct Distributions
-76.99817669,38.9230946,The Vista,,611 Edgewood St NE,Direct Distributions
-77.04439099,38.923062,VIDA Senior Center Community Site,,1842 Calvert ST NW,Direct Distributions
-76.992568,38.9226389,Metropolis Club,,938 Rhode Island Ave NE,Shopping
-77.0280509,38.9224184,Cardozo High School,,,Direct Distributions
-77.03371439,38.9222382,Faircliff Plaza West Community Center Association,,1428 Clifton Street NW,Direct Distributions
-77.0313037,38.9221163,CPDC - Wardman Court,,"1350 Clifton St., NW",Shopping
-76.98944399,38.921809,Israel Baptist Community Site,,1251 Saratoga AVE NE,Direct Distributions
-76.92954299,38.92162,Gospel Bearers Assembly International,,2510 50th Ave.,Shopping
-76.8691901,38.9214977,Excel Academy,,7910 Scott Road,Direct Distributions
-76.95713329,38.9215513,3298 Fort Lincoln The Petersburg Residential Site,The Petersburg - Ft. Lincoln III,3298 Fort Lincoln DR NE,Direct Distributions
-77.02701729,38.9207741,Garfield Terrace,,2301 11th Street NW,Shopping & Direct Distribution
-76.99814289,38.9198367,Crowder Owen's Food Pantry,,600 W St. NE,Shopping & Direct Distribution
-77.02777299,38.919538,Casa Iris Residential Site,,2201 12th ST NW,Direct Distributions
-77.03232539,38.918511,Martha's Table,,2114 14th St NW,Shopping & Direct Distribution
-76.88785759,38.9182776,Elderly World LLC,,2011 Kent Village Drive,Shopping
-76.87164409,38.9177516,Victory House of Palmer Park,,7801 Barlowe Road,Direct Distributions
-76.844727,38.9176689,St. Joseph Catholic Church,,2020 St. Joseph Drive,Shopping
-76.92125699,38.917649,Morning Star Church of Christ,,5728 Tuxedo Road,Shopping
-77.00934419,38.9159101,St. Martins Social Service,,1908 N  Capitol St  NW,Shopping
-77.012692,38.915853,Nazarene Outpost Food Dist Program,,111 Rhode Island Ave NW,Shopping & Direct Distribution
-76.88215799,38.9148474,Summer Ridge Community Center,,1837 Belle Haven Dr,Direct Distributions
-77.0368885,38.914379,Food For All,,1810 16th St NW,Shopping & Direct Distribution
-76.87786119,38.9140455,City of Praise Family Ministries,,8501 Jericho City & Bishop Peebles,Shopping
-77.0221286,38.9135461,Lincoln Westmoreland,,1730 7th Street NW,Direct Distributions
-77.03164799,38.912407,Central Union Mission,,1350 R St NW,Direct Distributions
-77.02650059,38.9123575,Tenth Street Baptist Community Site,,1000 R ST NW,Direct Distributions
-77.02874059,38.911854,Vermont Avenue Baptist Church,,"1630 Vermont Avenue, NW",Shopping
-76.98468999,38.911789,Gateway to Heaven Pentecostal Holiness Church,,"1910 West Virginia Ave., NE",Shopping
-77.02093929,38.9115796,Asbury Dwelling Residential Site,,1616 Marion St NW,Direct Distributions
-77.02161049,38.9103235,Bread For The City,,1525 7th Street NW,Shopping & Direct Distribution
-76.9355152,38.9098893,RCCG New Wine Assembly,,1515 Kenilworth Ave NE,Shopping & Direct Distribution
-77.02427469,38.9094205,Emmaus Services for the Aging,,1426 9th Street NW,Direct Distributions
-77.0216544,38.9092153,Kennedy Recreation Center,,1401 7th St NW,Direct Distributions
-77.00454849,38.9089892,Peace Meal Ministry,,"206 New York Ave., NW",Shopping
-77.01029869,38.9087075,House of Lebanon,,"27 O St., NW",Shopping
-77.01117329,38.9083821,So Others Might Eat,,71 O St NW,Shopping
-76.9324515,38.9082997,Deanwood Recreation Center,,1350 49th Street NE,Direct Distributions
-77.0216437,38.9079563,Gibson Plaza Apts.,,1301 7th St NW Apt 506,Direct Distributions
-76.8383015,38.9076947,Great Comission Change of Life Ministries,,1300 Mercantile Ln # 202,Shopping
-77.03307379,38.9075049,James Senior Building Resident Council,,1425 N Street NW,Direct Distributions
-77.02031569,38.9070062,First Rising Zion Baptist Church,,602 N St NW,Shopping
-76.98270479,38.9064797,Trinidad Recreation Center,,1310 Childress Street NE,Direct Distributions
-77.01868139,38.9062799,We Are Family Community Site,,474 Ridge ST NW,Direct Distributions
-77.03217799,38.905978,National City Christian Church,,5 Thomas Cir  NW,Shopping
-77.02869069,38.9059076,Claridge Towers Residential Site,,1221 M ST NW,Direct Distributions
-76.94930279,38.9058964,Paradise Residential Site,,3517 Jay ST NE,Direct Distributions
-76.90356999,38.905701,Cedar Heights Community Center,,1200 Glen Willow Dr,Direct Distributions
-77.02830359,38.9053029,Horizon House,,1150 12th Street NW,Direct Distributions
-77.0104184,38.9051986,Missions To America Crisis Center,,1176 1st Pl NW,Shopping
-76.98845329,38.9042927,Wheatley Educational Campus,,1299 Neal St NE,Direct Distributions
-77.01390599,38.9041962,Community Marketplace at L St NW,,100 Block L ST NW,Direct Distributions
-77.0095116,38.9040338,Mt  Airy Baptist Church,,1100 North Capitol St NW,Shopping & Direct Distribution
-76.92758989,38.903859,Little Rock Bibleway Church,,5030 Sheriff Road NE,Shopping
-76.97349899,38.903745,Carver Terrace Community Site,,2109 Maryland AVE NE,Direct Distributions
-76.938639,38.902988,First Baptist Church of Deanwood,,4408 Sheriff Rd NE,Shopping
-76.99102999,38.902958,New Samaritan Baptist Church,,"1105 Florida Ave., NE",Shopping
-76.97088939,38.9026911,Browne Education Campus,,850 26th St NE,Direct Distributions
-77.00971559,38.9020235,Father Mckenna Center,,19 I St NW,Shopping & Direct Distribution
-77.0118539,38.9018525,Unique Residential Care Center,,901 1st St NW,Shopping
-76.9209505,38.9016334,"Church of the Incarnation, St. Vincent De Paul Society",,880 Eastern Ave  NE,Shopping
-76.99640399,38.901476,Pilgrim Baptist Church,,650 I Street NE,Shopping
-76.95202399,38.901224,Neval Thomas ES,,650 Anacostia Ave NE,Direct Distributions
-76.91171799,38.9011839,Lucille's Pantry - Fairmont Heights Townhall,,6100 Jost Street,Shopping
-76.9842752,38.9005198,Delta Towers,,1400 Florida Ave NE,Direct Distributions
-76.92395299,38.9004502,Burville Elementary School,,801 Division Avenue NE,Direct Distributions
-76.9917792,38.9004306,Douglas Memorial,,800 11th Street NE,Shopping & Direct Distribution
-77.02328649,38.900307,Greater New Hope Baptist Church,,816 8th St NW,Shopping
-76.9518248,38.9001752,Victory Square Community Site,,600 Barnes ST NE,Direct Distributions
-76.90545229,38.9000381,Pleasant Homes Community Center,,6606 Greig St,Direct Distributions
-77.01792199,38.900067,Judiciary Residential Site,,461 H ST NW,Direct Distributions
-76.9937758,38.8992447,Capitol Hill Towers Residential Site,,900 G ST NE,Direct Distributions
-76.97248899,38.898939,Totally Committed Community Outreach,,3030 G St SE,Shopping
-76.97303999,38.898646,Langston Dwellings Residential Site,,667 24th ST NE,Direct Distributions
-76.97625599,38.898544,Friendship Blow Pierce Public Charter,,725 19th St. NE,Direct Distributions
-77.05171919,38.8985152,Miriam's Kitchen,,2401 Virginia Ave  NW,Shopping
-77.01664469,38.8983432,Asian and Pacific Island Senior Center Community Site,,417 G ST NW,Direct Distributions
-76.9872719,38.8981658,Purity Baptist Church,,1325 Maryland Ave NE,Shopping & Direct Distribution
-76.97965639,38.8980947,Rosedale Recreation Center,,1701 Gales Street NE,Direct Distributions
-77.04457299,38.898035,Foggy Bottom Food Pantry,,1920 G St  NW,Shopping
-76.9918075,38.8970305,Sasha Bruce House,,1022 Maryland Avenue NE,Direct Distributions
-76.90795309,38.8967345,Community Ministry of PG County,Seat Pleasant Activity Center,5720 Addison Road,Direct Distributions
-77.0155885,38.8963268,Community Family Life Services,,305 E St NW,Shopping & Direct Distribution
-76.85101479,38.8960058,Prince George's County DSS,,425 Brightseat Road,Shopping
-76.920804,38.896047,Love Is Action Food Pantry,,500 56th Street NE,Shopping
-76.95666149,38.8960114,Northeast Performing Arts Group,,3431 Benning Road NE,Direct Distributions
-77.1048822,38.8957593,Hunter's Park @ Cherrydale,,2021 N Nelson Street,Direct Distributions
-77.45504599,38.894684,Fairfax Church of God,,14740 - H Flint Lee Rd,Shopping
-77.42281829,38.8946921,WFCM Food Pantry,,13888 Metrotech Drive,Shopping & Direct Distribution
-77.0132925,38.8954393,DC Central Kitchen,,425 Second St NW,Shopping & Direct Distribution
-76.849975,38.89487,Shabach Emergency Empowerment Center,,403 Brightseat Rd,Shopping & Direct Distribution
-76.9237636,38.8949222,City Gate - Richardson Dwellings,,5319 Dix St SE,Direct Distributions
-76.92961399,38.894868,Project Blessing for Hurting Parents,,318 50th Street NE,Direct Distributions
-76.9477907,38.8944944,Marshall Heights at Meadow Green,,3939 Benning Road NE,Direct Distributions
-76.91386789,38.894208,Perfecting of the Saints,,6041 Dix St NE,Shopping
-76.97505409,38.8940003,Saint Benedict The Moor,,320 21st St  NE,Shopping
-76.95141129,38.8939592,Minnesota Ave - Unity Healthcare,,3924 Minnesota Ave NE,Direct Distributions
-76.929118,38.893458,DayBreak Ministries,,5017 Banks Place NE,Direct Distributions
-76.90221849,38.893109,Mount Victory Food Basket,,6020 Addison Rd,Shopping
-76.92368799,38.893011,Richardson Youth Center,,260 54th Street NE,Direct Distributions
-76.929506,38.892809,J C Nalle Elementary School,,219 50th St.,Direct Distributions
-76.9092243,38.8914976,Faith Temple #2,,211 Maryland Park Drive,Direct Distributions
-76.9173168,38.8914971,Capitol Gateway Senior Residences Residential Site,,201 58th ST NE,Direct Distributions
-76.95085399,38.891408,Upper Room Baptist Community Site,,60 Burns ST NE,Direct Distributions
-76.91230599,38.89133801,Marvin Gaye/Watts Recreation Center,,6201 Banks Pl NE,Direct Distributions
-76.94702199,38.8910932,Benning Stoddert Recreation Center,,100 Stoddert Place SE,Direct Distributions
-76.92794499,38.8907653,Capital View Baptist Church,,"5201 Ames St., NE",Shopping
-76.93078369,38.8904509,Food & Clothing Center of Ward 7,,4929 Ames St NE,Shopping
-76.8718383,38.8900589,Little David Baptist Church,,7830 Central Ave,Shopping
-76.92163059,38.8893227,East Capitol Walk-In Center,DC Scholars Public Charter School,5601 East Capitol ST SE,Direct Distributions
-77.1193563,38.889028,Grace Ministries Mt Olivet site,La Cocina VA,1500 N Glebe Rd,Shopping
-76.95217619,38.8881209,Triangle View Residential Site,,3600 B ST SE,Direct Distributions
-76.88979059,38.8880766,Central Gardens,,13 Cindy Ln #103,Direct Distributions
-76.93964339,38.88707,Plummer Elementary School,,4601 Texas Avenue SE,Direct Distributions
-77.086895,38.8864871,Woodbury Park Community Center,,2335 North 11th Street,Direct Distributions
-76.912131,38.886255,Clothing of Power Eternal Church,,25 Quire Ave,Shopping
-76.95696599,38.886269,Edgewood Baptist Church,,"3408 C Street, SE",Shopping
-76.988274,38.88594,Lincoln Park UMC,,1301 North Carolina Ave NE,Shopping
-76.901753,38.885758,Seat Pleasant Community Development Center,,6195 Central Ave,Direct Distributions
-77.16726709,38.8854768,Columbia Baptist Church,,103 West Columbia St,Shopping
-76.908584,38.88536,Iconium Food Pantry,,6074 Old Central Ave,Shopping
-76.98746419,38.8853405,Kentucky Courts Residential Site,,1311 C ST SE,Direct Distributions
-76.9138431,38.8852156,First Baptist of Capitol Heights,,6 Capitol Heights Blvd,Shopping & Direct Distribution
-76.73094319,38.8849288,Fountain Community Enrichment Inc.,,15853 Commerce Court,Shopping
-76.91580679,38.8851122,Corinth Baptist Church Outreach Pro,,814 Cypress Tree Dr,Shopping
-77.00093209,38.8851288,Brethren Nutrition Program,,337 North Carolina Avenue SE,Shopping
-76.9130799,38.884948,Heaven's Helpers Ministry,,6044 Central Ave.,Shopping
-76.92516109,38.8845612,Urban Outreach Inc.,,5343 C St. SE 204,Shopping
-76.98247,38.883912,Operation Sisters United,,403 16th St  SE,Shopping
-76.9116957,38.8836247,Gateway Village,,505 Suffolk Avenue,Direct Distributions
-76.99050859,38.8830645,The Holy Temple Church,,439 12th St SE,Shopping
-77.17805219,38.8829025,Winter Hill Apartments,,330-B South Virginia Ave,Direct Distributions
-76.8964403,38.8828791,St. Margaret of Scotland Catholic Church,Maryland Umbrella Group,"408 Addison Road, South",Shopping
-76.85193009,38.8826814,Theocracy International Ministries,,505 Hampton Park Blvd. Ste. T,Shopping
-77.44164539,38.8818424,Living Epistle Church of God in Christ,,4455 Brookfield Corporate Drive,Shopping
-77.1043389,38.8824586,St. Georges Episcopal Church,,915 N  Oakland Street,Shopping
-77.17474569,38.8811397,Homestretch Inc.,,303 S Maple St,Direct Distributions
-76.98904609,38.8810437,Potomac Gardens Community Site,,1229 G ST SE,Direct Distributions
-76.98387699,38.880659,Pearl Enterprises,,1437 Potomac Ave SE,Shopping
-76.995934,38.8795465,Little Lights Urban Ministries - Central Office,,760 7th St SE,Direct Distributions
-76.98999439,38.8792878,Little Lights Urban Ministries - 1212 Units,,1212 I St SE,Direct Distributions
-76.999496,38.8788771,Arthur Capper Residential Site,Near Southeast Seniors Community Group,900 5th ST SE,Direct Distributions
-76.9896909,38.878158,Little Lights Urban Ministries - Hopkins,,1000 12th Street SE,Direct Distributions
-77.2060773,38.8778618,Wexford Manor,,2802 Hollywood Rd.,Direct Distributions
-76.89426199,38.877286,Gethsemane United Methodist Church,,910 Addison Road,Shopping & Direct Distribution
-76.99998649,38.8766181,Carroll Apartments Community Site,,410 M ST SE,Direct Distributions
-77.16018899,38.875933,Falls Church Spanish SDA,,713 East Broad St,Shopping
-77.0132828,38.8759774,Greenleaf SW Community Site,,1200 Delaware AVE SW,Direct Distributions
-76.96705549,38.8746258,SOME,,2802 N St SE,Direct Distributions
-77.01248689,38.874454,James Creek Resident Council Inc,,100 N Street SW,Direct Distributions
-77.012465,38.87439599,King Greenleaf Recreation Center,,201 N Street SW,Direct Distributions
-76.92938,38.874253,Widows & Orphans of God Inc,,1238 Benning RD,Shopping
-76.9334872,38.87385,Community Outreach and Development Center CDC,,"4715 Marlboro Pike, Suite 104",Shopping & Direct Distribution
-76.92886499,38.87371,Freedom Way Missionary Baptist Church,,1250 Benning Road,Shopping
-77.11411249,38.873423,Lubber Run Community Center - Teens,Lubber Run Community Center - Youth,300 N. Park Dr.,Direct Distributions
-76.96726159,38.8725541,St. Francis Xavier,,"2800 Pennsylvania Ave, SE",Shopping
-76.8959478,38.8721535,Saint Paul- Gethsemane UMC,,1207 Addison Rd.,Direct Distributions
-76.974441,38.8720446,Orr Elementary School Food Pantry,,2200 Minnesota Avenue SE,Direct Distributions
-77.23826999,38.871416,Food For Others,,2938 Prosperity Avenue,Shopping & Direct Distribution
-76.8891026,38.8715988,Millwood Community Center,,1418 Karen Blvd,Direct Distributions
-76.947037,38.871639,Dupont Park SDA Church,,3985 Massachusetts Ave SE,Shopping
-76.9638478,38.8711371,Pennsylvania Ave Baptist Church,,"3000 Pennsylvania Ave, SE",Shopping
-77.10478679,38.8709568,Whitefield Commons Community Resource Center,,106 N. Thomas St.,Direct Distributions
-76.9421915,38.8706208,New Macedonia Baptist Church,,"4115 Alabama Ave., SE",Shopping
-76.8917249,38.870424,Faith Deliverance Temple,,6802 Walker Mill Road,Shopping
-77.14204699,38.870118,Lockwood/Elmwood House,,600 North Madison Street,Direct Distributions
-76.92019699,38.8699949,Oakcrest Community Center,,1300 Capitol Heights Blvd,Direct Distributions
-77.09630129,38.8699657,Thomas Jefferson Community Center - Teens,,3501 2nd St. S.,Direct Distributions
-76.94455769,38.8691902,Fort Davis Recreation Center,,1400 41st Street SE,Direct Distributions
-76.93060009,38.8691739,John Edgar Howard Community Center,,4400 Shell St,Direct Distributions
-76.9189281,38.8690711,"Builders, Inc",,5135 Marlboro Pike,Shopping
-76.89012399,38.868455,Walker Mill Community Development,Kreayola Kids,6801 Walker Mill Road,Shopping & Direct Distribution
-77.2816165,38.867364,Yorkville Cooperative,,3146 Draper Drive,Direct Distributions
-77.24992999,38.866714,Way of Faith Christian Training Center INC.,,8800 Arlington BLVD,Shopping
-76.9537134,38.8669714,Nehemiah's Food Pantry,,3456 Pennsylvania Ave SE,Shopping
-76.98437099,38.866967,Ambassador Baptist Church,,1408 Minnesota Ave SE,Direct Distributions
-77.0953594,38.8665081,Salvation Army Arlington Corps,,518 S. Glebe Rd,Shopping
-76.9810903,38.86622,Bread for the City SE Center,,1640 Good Hope Road SE,Shopping & Direct Distribution
-76.98364849,38.8660524,Ketcham Elementary,,1919 15th St. SE,Direct Distributions
-76.98979969,38.8659837,Family & Medical Counseling Service,,2041 MLK Jr. Ave. SE  Suite 303,Shopping
-76.98581499,38.8656397,St. Phillip Food Bank,,2001 14th St SE,Shopping
-76.979856,38.865555,SOME Inc.,,"1667 Good Hope Road, SE",Shopping & Direct Distribution
-76.92378999,38.865219,Victory Drug Center,,1804 Quarter Avenue,Shopping
-76.9556094,38.8646071,Anne Beers,,3600 Alabama Ave. SE,Direct Distributions
-76.99920699,38.8641137,Cedar Tree Academy,,701 Howard Road SE,Direct Distributions
-76.9449317,38.8640563,Pennsylvania Avenue SDA Church,,4010 Belt Road,Shopping
-76.94220249,38.8639607,Maple Springs Baptist Church,,4131 Belt Road,Shopping
-77.12053299,38.863167,Gates of Ballston Community Center,,4108 4th Street North,Direct Distributions
-77.13228339,38.8629519,Carlin Springs ES,,5995 5th Rd,Direct Distributions
-76.99130189,38.8629709,The Salvation Army - Solomon G Brown,,2300 MLK Ave SE,Shopping & Direct Distribution
-76.99036889,38.8627978,Children of Mine,,2263 Mount View Pl SE,Shopping & Direct Distribution
-76.95859949,38.8624772,East Washington Heights Baptist,,2220 Branch Ave  SE,Shopping
-76.9937866,38.862346,Thurgood Marshall Academy,,2427 Martin Luther King Ave SE,Direct Distributions
-76.95004599,38.861804,Green Spaces for DC,,"3810 Southern Ave., SE",Shopping
-77.09070119,38.8617752,Arlington Peers Helping Peers in Recovery,,3219 Columbia Pike Suite 101,Shopping
-76.98376149,38.8618024,CPDC - Cedar Heights,,1510 Butler St SE,Shopping & Direct Distribution
-77.07094339,38.8617724,Carver Community Center - Youth,,1415 S Queen St,Direct Distributions
-77.127931,38.861677,CNP Provider Torrico,,5809 5th Road,Shopping
-76.986176,38.861699,Fredrick Douglass Residential Site,,1427 Cedar ST SE,Direct Distributions
-76.93348129,38.8613036,Galilee Community Development Corporation,,2101 Shadyside Ave,Shopping & Direct Distribution
-76.91049999,38.860975,Life in Victory Outreach Ministries,,5600 Marlboro Pike,Shopping
-76.89183189,38.8608282,Woodland Springs Apartment,,6617 Atwood Street,Direct Distributions
-76.996697,38.860661,Barry Farm Rec Center,,1230 Sumner Rd SE,Direct Distributions
-77.12753879,38.8600655,Community Church of God,,790 South Carlin Springs Road,Shopping
-76.985248,38.859723,Carver Hall,,2338 Pitts Pl SE,Direct Distributions
-76.98501799,38.859331,New United Baptist Church,,"2233 Hunter Pl., SE",Shopping
-76.9686199,38.8592905,Stanton Elementary School,,2701 Naylor Road SE,Direct Distributions
-76.99904219,38.8586112,CHOICE Inc,,1329 Steven Rd SE,Direct Distributions
-76.88948,38.858063,Angel Square Assisted Living,,2306 Breton Drive,Shopping
-77.12112439,38.8580139,Greenbrier Learning Center,,5401 7th Rd S,Direct Distributions
-77.086198,38.857897,Walter Reed Community Center- Teens,,2909 S. 16th St.,Direct Distributions
-76.98234069,38.8577868,Our Lady of Perpetual Help Church,,1600 Morris Rd SE,Shopping
-77.109772,38.857299,Greenbrier Learning Center @ Buchanan Gardens,,926 S. Buchanan St,Direct Distributions
-77.13864689,38.8571225,St. Anthony of Padua Catholic Church,,3305 Glen Carlyn Road,Shopping & Direct Distribution
-76.97031809,38.8568559,Allen Chapel AME Church,,2498 Alabama Ave SE,Shopping & Direct Distribution
-77.112086,38.856391,Arlington Mill Community Center,Greenbrier Learning Center,909 S Dinwiddie St,Direct Distributions
-76.98287529,38.8564345,Moten Elementary School,,1565 Morris Road Southeast,Direct Distributions
-76.9886426,38.8563328,KIPP DC Heights Academy PCS,,2600 Douglas Road SE,Direct Distributions
-76.9932465,38.8556695,"Horton's Kids, Inc",,2500 Pomeroy Rd. SE,Shopping & Direct Distribution
-77.128619,38.855511,Glen Forest ES,,5829 Glen Forest Dr,Direct Distributions
-77.11859119,38.8551702,Harvey Hall Community Center,,850 S Greenbrier Street,Direct Distributions
-77.096501,38.854897,CNP Provider Torrico,,1509 S  Quincy Street,Shopping
-76.96963689,38.8546541,Faith Tabernacle of Prayer,,2465 Alabama Ave. SE,Shopping
-77.13788129,38.8542967,Legal Aid Justice,,3337 Glen Carlyn Drive,Direct Distributions
-77.08277199,38.8541501,Our Lady Queen of Peace Church,,2700 S. 19 th Street,Shopping & Direct Distribution
-77.13552869,38.8537435,Culmore United Methodist Church-Grace Ministries,,5901 Leesburg Pike,Shopping & Direct Distribution
-76.91716609,38.8535492,Suitland High School,,5200 Silver Hill Rd.,Direct Distributions
-77.10903799,38.853403,CNP Torrico,,1201 S. Columbus St,Shopping
-77.0027441,38.8530923,UPO Petey Greene Center Community Site,,2701 Martin Luther King Jr AVE SE,Direct Distributions
-77.10846199,38.852749,CNP Provider Paniagua,,1223 S Columbus Street,Shopping
-76.96916179,38.8522915,Knox Hill Residential Site,,2700 Jasper ST SE,Direct Distributions
-77.14528199,38.851973,Baileys Elementary School,,6111 Knollwood Drive,Direct Distributions
-76.8907808,38.8516574,"Mt. Calvary Catholic Church, Ladies of Charity Food Pantry",,6706 Marlboro Pike,Shopping & Direct Distribution
-77.1000987,38.8514428,Greenbrier Learning Center @ Virginia Gardens,,1710 S. Taylor St,Direct Distributions
-76.9196248,38.8513825,Bradley Christian Mission Center/Pilgrimage Christian Church,,5105 Silver Hill Rd,Shopping
-76.97432099,38.8509643,Staton Dwellings Cmty Distributon,,2200 Alabama Ave SE,Direct Distributions
-77.33402889,38.8502333,James Mott Community Assistance Program,,11215D Lee Highway,Shopping
-76.9727205,38.8497146,"Destiny World Changers, Inc.",,2244 Savannah Terrace SE,Shopping
-76.9959636,38.8495183,801 East Housing Assistance Center,,"2700 Martin Luther King Ave., SE",Shopping
-76.97256549,38.8488819,Capital View at YMCA,,2118 Ridgecrest Court SE,Direct Distributions
-77.0844398,38.8486264,The Shelton,,3215 24th Street South,Direct Distributions
-77.08703849,38.8483444,Charles Drew Community Center - Youth,Charles Drew Community Center- Teens,3500 S. 23rd St,Direct Distributions
-77.0694699,38.8481346,Gunston Community Center,,2700 S. Lang St,Direct Distributions
-76.97212379,38.8473769,Walker House Residential Site,,2201 Savannah ST SE,Direct Distributions
-76.92504509,38.8472303,Sistas United,,4725 Silver Hill Road,Shopping
-77.08677969,38.8468195,Fort Henry Gardens Community Center,,2470 South Lowell Street,Direct Distributions
-76.86846099,38.846114,Faith United Ministries Outreach,,7905 Fernham Lane,Shopping
-76.984084,38.846116,Freedom Chapel Church,,1430 Alabama Ave SE,Shopping
-76.90705099,38.845516,Suitland Community Center,,5600 Regency Ln,Direct Distributions
-76.8749722,38.8451131,Soul Factory,,7702 Marlboro Pike Road,Shopping & Direct Distribution
-76.96527869,38.8450448,Hillcrest Heights,,2300 Oxon Rud Dr,Direct Distributions
-77.0677144,38.8444631,The Berkeley Community Center,,2910 South Glebe Road,Direct Distributions
-76.993886,38.844045,Greater Fellowship Missionary Baptist Church,,814 Alabama Ave  SE,Shopping
-77.09186979,38.8436386,Virginia Gardens Community Center,,1710 South Taylor Street,Direct Distributions
-76.98636899,38.8435847,Congress Park,,1345 Savannah St SE,Direct Distributions
-77.0667154,38.8432196,Community Lodgings at Brookside,,601 Four Mile Road,Direct Distributions
-76.99988359,38.842743,Brighter Day Ministries Food Pantry,,421 Alabama Ave SE,Shopping
-76.87050799,38.842667,Agape Outreach Ministries,,7808 Marlboro Pike,Shopping
-77.13648619,38.8424812,Baileys Senior Center,Baileys Crossroads Community Center,5920 Summers Lane,Direct Distributions
-76.93817699,38.8417105,Refuge Ministries,,4053 Silver Hill Road,Shopping & Direct Distribution
-77.06738469,38.8416242,Community Lodgings at Fifer,,607 Notabene Drive,Direct Distributions
-77.0045487,38.8415048,Assumption Outreach,Center City,"220 Highview Place, S.E.",Shopping & Direct Distribution
-76.893455,38.840831,Life Builders,,6608 Wilkins Place,Shopping
-76.99364409,38.8406263,Eagle Academy PCS at McGogney,,3400 Wheeler Road SE,Direct Distributions
-76.93294999,38.840343,New Revival Center of Renewal,,3600 Maywood Lane,Shopping
-77.00443609,38.8400841,Congress Heights Senior Wellness Center,,3500 Martin Luther King Jr Ave SE,Direct Distributions
-76.91950939,38.839626,William Beanes Community Center,,51087 Dianna Dr,Direct Distributions
-77.00142269,38.8393559,Ballou STAY,Ballou High School,"3401 4th St SE,",Direct Distributions
-77.45115099,38.837992,CNP Zulma Meneces,,6133 Rocky Way Ct.,Shopping
-77.00645199,38.838111,Unity of Love Food Pantry,,3703 Martin Luther King Jr Ave SE,Shopping
-76.99720809,38.8375662,Hart Middle School,,601 Mississippi Ave. SE,Direct Distributions
-76.98903599,38.837369,Wheeler Terrace,,1233 Valley Avenue SE 20032,Direct Distributions
-77.06465029,38.8372993,Grace Episcopal Church,,3601 Russell Road,Shopping
-77.006245,38.837076,Congress Heights Clinic,,3720 Martin Luther King Jr Ave,Direct Distributions
-77.20331669,38.8360917,Annandale Distibution,,4100 Wadsworth Court,Direct Distributions
-77.00684,38.836129,Higher Ground Community Church,,3754 Martin Luther King Jr. Ave SE,Shopping
-77.00001519,38.8359119,Simon Elementary School Food Pantry,,401 Mississippi Ave SE,Direct Distributions
-76.9940286,38.8358959,The Overlook at Oxon Run,,3700 9th st SE,Direct Distributions
-77.00509299,38.835848,St Paul Living of Wayne Place,,114 Wayne Place SE,Direct Distributions
-77.1576893,38.8356752,Mount Pleasant Baptist Church,,6477 Lincolnia Road,Shopping
-76.99176359,38.8356465,Wheeler Creek Residential Site,,900 Varney ST SE,Direct Distributions
-76.86753369,38.8351272,New Life Changing Ministry,,8023 D Penn - Randall Place,Shopping
-77.2154277,38.8344025,Gateway Homes,,4024 Hirst Drive,Shopping
-76.9461733,38.8344369,Marlow Heights Community Center,,2800 St Claire Dr,Direct Distributions
-77.00884019,38.83415229,Covenant Community Pantry,,3845 S Capitol St SW,Shopping
-76.985942,38.834143,CPDC - Arbor View,,"1212 Southern Ave., SE",Shopping
-76.98552789,38.8335393,Arbor View Apartments Residential Site,,1200 Southern AVE SE,Direct Distributions
-76.96232499,38.83304899,Hillcrest Baptist Church,,2200 Iverson St.,Shopping
-76.99530109,38.8324938,Ferebee Hope Recreation Center,,3999 8th Street SE,Direct Distributions
-77.0002722,38.8321159,Paramount Baptist Church,,3924 4th St SE,Shopping & Direct Distribution
-76.930591,38.831531,Southern Friendship Missionary Baptist Church,,4444 Branch Avenue,Direct Distributions
-76.989567,38.8310119,Family Matters of Greater Washington Community Site,,4301 9th ST SE,Direct Distributions
-76.9899598,38.8305117,Dupont Park Residential Site,,896 Southern AVE SE,Direct Distributions
-76.96696489,38.8300788,United Methodist Church of the Reedemer,,1901 Iverson Street,Shopping
-76.99134339,38.8294502,"Access Housing, Inc.",,840 Chesapeake St SE,Shopping & Direct Distribution
-77.13543899,38.828316,CNP Provider Guzman,,6003 Kelley Ct.,Shopping
-77.0024408,38.828283,Winn Residential,,4319 3rd Street SE,Direct Distributions
-77.0132599,38.8282308,Leckie Elementary School,,4201 M.L. King Ave. SW,Direct Distributions
-76.99454,38.827499,Park Southern Apartments,,"800 Southern Ave, SE",Direct Distributions
-77.21298359,38.8267367,Annandale Spanish SDA Church,,7901 Heritage Dr.,Shopping
-77.4397538,38.82564,Centreville UMC,,6400 Old Centreville Rd,Shopping
-76.99613289,38.8261003,Temple of Praise,,700 Southern Avenue SE,Shopping
-77.00022219,38.8254087,City Gate: Atlantic Gardens Merrick Center,,4275 4th St SE,Direct Distributions
-77.59370599,38.822624,Outside The Walls Ministry,,13422 Brogue Ct,Shopping
-77.05837409,38.8228806,Salvation Army,,1804 Mount Vernon Ave.,Direct Distributions
-76.94003499,38.8228029,The True Vine Center,Reaching The World Ministries,4880 Stamp Road,Shopping & Direct Distribution
-77.0102315,38.82248,Wingate,,4660 Martin Luther King Jr. Ave SW,Direct Distributions
-76.95648829,38.8219967,Oxon Hill Food Pantry,,4915 Saint Barnabas Rd,Shopping
-77.1161465,38.8217719,James K Polk Elementary,,5000 Polk Ave,Direct Distributions
-77.00537859,38.8217026,Bald Eagle Recreation Center,,100 Joliet St SW 20020,Direct Distributions
-76.968832,38.8216957,The Hope Center,,4915 Wheeler Rd,Shopping & Direct Distribution
-76.9958114,38.8211648,Park Forest,,707 Audrey Lane,Direct Distributions
-77.18679099,38.82056,Poe Middle School,,7000 Cindy Lane,Direct Distributions
-77.1654968,38.8197099,Weyanoke Elementary School,,6520 Braddok Rd.,Direct Distributions
-77.06239369,38.8172372,Friends of Guest House Inc.,,1 East Luray Avenue,Shopping
-76.9902006,38.8170839,Glassmanor Community Center,,1101 Macy Ave,Direct Distributions
-76.99043299,38.81698,Glassmanor Elementary,,1011 Marcy Avenue,Direct Distributions
-77.07251269,38.8153992,Alive,,2723 King Street,Shopping & Direct Distribution
-76.7527456,38.8146175,Marlboro Churches Food Bank,,14515 Church Street,Shopping
-76.937444,38.8141387,Temple Hills Community Center,,5300 Temple Hill Rd,Direct Distributions
-77.15025819,38.8129947,Wesley Housing Development Corporation of Northern VA.,,5128  Lincoln  Avenue,Shopping & Direct Distribution
-77.631224,38.810505,Haymarket Regional Food Pantry,,14740 Washington St.,Shopping
-76.837404,38.811419,Marwood Senior Apartments,,5605 S. Marwood Blvd.,Direct Distributions
-77.041679,38.811084,Ladrey Food Pantry,Tursday  Ministry,300 Wythe Street,Shopping & Direct Distribution
-77.2627588,38.8098242,St. Stephen's UMC,,9203 Braddock Rd,Shopping & Direct Distribution
-77.0524297,38.8094769,Dunbar Alexandria-Olympic Boys & Girls Club,,401 North Payne Street,Direct Distributions
-77.1302556,38.8089024,Community Lodgings at Brent Place,,375 South Reynolds Street,Direct Distributions
-77.04194409,38.8085367,Ruby Tucker Family Center,,322 Tancil Court,Direct Distributions
-77.51348419,38.8067669,Living Faith Church,,10266 Battleview Parkway,Shopping
-76.95787789,38.806878,Trinity Terrace,,6001 Fisher Road,Direct Distributions
-77.04746049,38.8062712,Christ Church Lazarus Ministry,,118 N. Washington St,Shopping
-77.0549708,38.805112,Christ House,,131 South West Street,Shopping
-77.51775969,38.803441,Greater Way of Life Ministries,,10625 Gaskins Way,Shopping
-77.18329899,38.8043488,Springfield Christian Church,,5407 Backlick Rd,Shopping
-76.93234399,38.804315,Mercy House/ Bread of Life Food Pantry,,4402 Cedell Place,Shopping
-77.29311819,38.803822,CNP- Maritza Lopez- Brizuela,,5426 Longboat Ct,Shopping
-77.15758739,38.8021203,Bren Mar Park Elementary,,6344 Beryl Rd,Direct Distributions
-76.93538099,38.799816,Oxon Hill Church of Christ,,4201 Brinkley Road,Shopping
-76.9819,38.798071,St. Paul UMC,,6634 St. Barnabas Road,Shopping
-77.15438269,38.7970883,Action Chapel Virginia,,6315 Bren Mar Dr.,Shopping
-77.165396,38.796512,Agape Adult Day Healthcare Center,,5701-A General Washington Dr.,Shopping
-76.97930449,38.7965225,Vision of Nations,,6801 Bock Rd #251,Shopping
-76.98938499,38.794829,At Home Away from Home,,1100 Dumfries Street,Shopping
-77.5221834,38.7932269,Coverstone Apartments,,10934 Coverstone Dr,Direct Distributions
-77.44202029,38.7890574,Mision Cristiana Agape,,8025 Rugby Road,Shopping
-77.463958,38.785589,Tried Stone Church,,104 Pierce St,Shopping
-77.55735979,38.7831252,House of Mercy,,8170 Flannery Court,Shopping & Direct Distribution
-76.8864805,38.7834797,"Behold I Come Quickly, International",,6907-A Old Alexandria Ferry Road,Shopping
-77.2342887,38.7825597,Messiah United Methodist Church,,6215 Rolling Road,Shopping
-77.49684299,38.781051,West Gate Elementary,,8031 Urbanna Rd.,Direct Distributions
-77.14442839,38.7819772,"Koinonia Foundation, INC",,6037 Franconia Road,Shopping
-77.1963408,38.7796373,First Baptist Church of Springfield,,7300 Gary Street,Shopping
-76.87227329,38.7787658,GLOW,,7708 Old Alexandria Ferry Road,Shopping
-77.441234,38.777969,Manassas Park High School,,8200 Euclid Ave.,Direct Distributions
-77.19242829,38.7776819,ECHO INC.,,7205 Old Keene Mill Road,Shopping
-77.18747099,38.775891,Terry House (Pathway House ),,6515 Terry Drive,Shopping
-77.07988689,38.7758598,Groveton Baptist Church,,6511 Richmond Highway,Shopping
-77.28346499,38.774685,Calvary Christian Church,,9800 Old Keene Mill Road,Shopping
-77.0139557,38.7743031,Fort Foote Baptist Church,,8310 Fort Foote Road,Shopping
-77.15282909,38.7705634,Springfield Spanish Seventh-day Adventist Congregation,,6731 Beulah Street,Shopping
-76.8953738,38.7666692,Still I Rise,,9015 Woodyard Road,Shopping
-77.45675609,38.7643073,Iglesia de Dios Pentecostal El Arbol de la Vida,,8618 Phoenix Dr.,Shopping
-77.47844099,38.764184,St. Thomas United Methodist Church,,8899 Sudley Road,Shopping & Direct Distribution
-77.45650299,38.763775,Yeshua Church of God in Christ INC.,,8675 Phoenix Dr,Shopping & Direct Distribution
-77.4491875,38.7616241,The St. Lucy Project,,8426-28 Kao Circle,Direct Distributions
-76.92153929,38.7611181,Clinton Grove,,9420 Temple Hill Road,Direct Distributions
-76.918325,38.760484,The First New Horizon CDC,,9511 Piscataway Road,Shopping
-77.45926839,38.7595661,Core Community Development Group(City of Refuge),,8783 Commerce Court,Shopping
-76.91623799,38.758901,Greater Refuge Ministries,,9510 Piscataway Road,Shopping & Direct Distribution
-77.08980889,38.7586153,Hybla Valley Elementary School,,3415 Lockeed Blvd,Direct Distributions
-77.2394539,38.7563295,Sydenstricker UMC,,8508 Hooes Road,Shopping
-77.00095719,38.7556527,Fort Washington Food Pantry,,9801 Livingston Road,Shopping & Direct Distribution
-77.015296,38.755209,Uplift Individuals in Christ,,9808 Tribonian Dr.,Shopping
-77.47191999,38.753298,The Wall,,18630 Mathis Avenue,Direct Distributions
-76.92235639,38.7538684,Mount Ennon Baptist Church,,9832 Piscataway Road,Shopping
-77.08516109,38.7537763,United Community Ministry,,7511 Fordson Road,Shopping & Direct Distribution
-77.47196849,38.7516032,Bull Run Unitarian Universalists,,9350 Main Street,Shopping
-77.221363,38.75166,CNP Fabiola Salinas,,8004 Orange Plank Road,Shopping
-77.08200799,38.747074,Woodlawn United Methodist Church,,7730 Fordson Road,Shopping
-77.50043499,38.744735,SERVE,,10056 Dean Dr,Shopping & Direct Distribution
-77.4913802,38.743018,Manassas Boys & Girls Club,,9501 Dean Park Ln,Direct Distributions
-76.99266579,38.7417231,Daughter for the Day Inc.,,10903 Indian head highway,Direct Distributions
-77.0858414,38.7411646,Greater Morning Star Apostolic Church,,7929 Richmond Highway,Shopping
-77.116882,38.740586,CNP- Zube Jalil,,7929 Fitzroy St,Shopping
-77.000035,38.7395926,Breath of Life SDA,,11310 Fort Washington Road,Shopping
-77.09328559,38.7394837,Stony Brook,,3600 Buckman Road,Direct Distributions
-77.11550899,38.738997,CNP Beatrice Odediran,,8009 Frye Rd,Shopping
-77.084667,38.738252,Gum Springs Community Center,,8100 Fordson Road,Direct Distributions
-77.21541,38.737404,CNP Carla Maldonado,,8080 Tributary Ct.,Shopping
-77.21304599,38.73647,CNP Laura T. Mendoza,,7803 Braemar Way,Shopping
-77.1886925,38.7361199,Sup of The Lord  Ministries,,8196-0 Terminal Road,Shopping
-77.09686139,38.7357277,Revival Baptist Ministries INT,,8174 Richmond Hwy,Shopping
-77.10159159,38.7340284,Rising Hope Methodist Mission Church,,8220 Russell Road,Shopping & Direct Distribution
-77.1085969,38.728212,New Hope Housing Kennedy,,8407  Richmond Hwy,Shopping
-77.109005,38.72315899,CNP- Zubair,,8632 Gateshead Road,Shopping
-77.13644739,38.7230566,Church of Christ at Mt. Vernon,,8607 Jeff Todd Way,Shopping
-76.89288599,38.722648,Salvation Ministries,,12112 Brandywine Road,Shopping
-77.12483939,38.7208342,Ministerio Pentecostal Cristo Vive,,8728 Richmond Hwy,Shopping
-77.12579299,38.7206057,Recovery Program Solutions of Virginia,,8794- S Sacramento Drive,Shopping
-76.98513189,38.720591,Victory Outreach,,12304 Livingston Road,Direct Distributions
-77.205911,38.718677,CNP Patricia Bellot - Mureno,,8803 Sylvania CT,Shopping
-76.87066909,38.7017308,Gwynn Park High School,,13800 Brandywine Road,Direct Distributions
-77.149493,38.7013186,Fort Belvoir,,9455 Jackson Loop Bld. 1415,Direct Distributions
-76.87454339,38.7010659,New Nations Worship Ministries,,7611 Accokeek Road,Shopping
-77.21405569,38.6994115,Lorton Community Action Center,,9518 Richmond Hwy,Shopping & Direct Distribution
-77.5752888,38.6828647,Nokesville United Methodist Church,,12550 Aden Road,Shopping
-77.2798148,38.6750356,Lake Ridge Fellowship House,,12800 Harbor Dr.,Direct Distributions
-77.26400599,38.675067,Grace Star Ministries,,1680 Old Bridge Road,Shopping
-77.25968669,38.6730884,Holiness Tabernacle Church of God in Christ,,1440 Old Bridge Road,Shopping & Direct Distribution
-77.336271,38.672827,Church on The Move INC.,,13061 Touchstone Cir.,Shopping
-77.26279909,38.671754,Iglesia Pentecostes Macedonia,,1529 Old Bridge Road,Shopping
-77.01299949,38.6705812,"River Jordan, Inc.",,"15809 Livingston Road,",Shopping
-77.0060573,38.66997,Community Support Systems Inc ACCOKEEK,,15769 Livingston Rd.,Shopping
-77.27429999,38.6676519,CNP Provider Eguez,,13134 Drew Hunt Ct.,Shopping
-77.33504539,38.6664802,Church of Christ of Dale City,,13130 Hillendale Drive,Shopping
-77.25699419,38.6636469,St. Paul United Methodist Church,,1400 G Street,Shopping
-76.77223599,38.660829,Community Support Systems Inc BADEN,,13500 Baden Westwood Rd,Shopping
-77.25186799,38.653137,Holly Acres,,13721 Jefferson Davis Highway,Direct Distributions
-77.25984199,38.652106,Marumsco Trailer Park,,13950 Jefferson Davis Highway,Direct Distributions
-77.26163619,38.6505754,Iglesia Pentecostal Trono de Jehova,Streetlight Community Outreach Ministries,1550 Prince William Pkwy,Shopping
-77.26005429,38.648597,Restoring Lives Community  Development Corp.,,14045 Jefferson Davis Hwy,Shopping
-77.33789349,38.64804,Freedom Fellowship Church,,4320 Dale Blvd,Shopping
-77.3005206,38.6467044,Christ Chapel,,13909 Smoketown,Shopping
-77.356887,38.645493,Woodbridge Workers,,14186 Logan Ct.,Shopping
-77.268691,38.631351,Salvation Army  ( PW County),,14806 Blackburn Road,Shopping & Direct Distribution
-76.92626039,38.6074686,Faith Alive Foundation,,3799 Old Washington Road,Shopping
-77.31709999,38.570935,General Heiser Boys & Girls Club,,17565 Old Stage Coach Rd,Direct Distributions
-77.328879,38.5685525,Bread & Fishes,,3890 Cameron Street,Shopping & Direct Distribution
-77.327097,38.567593,Church on the Rock Ministries Inc.,,17742 Main St,Shopping
-77.32381479,38.5652818,Grace Christian Church Inc.,,17889  Fraley Blvd,Shopping
-77.32896139,38.5629711,ACTS,,3900 ACTS Lane,Shopping & Direct Distribution
-77.32721189,38.5629466,Mountain of Fire & Miracles Ministries,,10823 Dumfries Plaza,Shopping
-77.32448199,38.555895,Concordia Lutheran Church,,3637 Graham Park Rd.,Shopping
-77.32427799,38.538168,Star Bethlehem Christian Academy,,19068 Bethlehem Church Road,Shopping
-77.667013,38.29542999,St. Francis Catholic Worker,,9631 Peppertree Road,Shopping